<application>
  <component name="AndroidLogcatFilterHistory">
    <option name="mostRecentlyUsed" value="enclos" />
    <option name="nonFavorites">
      <list>
        <option value="enclos" />
        <option value="encls" />
        <option value="Fetcher" />
        <option value="took" />
        <option value="unsupported enc" />
        <option value="package:mine NII" />
        <option value="package:mine encl" />
        <option value="package:mine " />
        <option value="package:mine ads" />
        <option value="package:mine level:error " />
        <option value="package:mine background" />
        <option value="rss " />
        <option value="vanniktech" />
        <option value="fetcher" />
        <option value="NII" />
        <option value="RssReaderFetcher" />
        <option value="rssreader" />
        <option value="package:app.becoach.android.coachee.dev " />
        <option value="package:app.becoach.android.coachee.dev trigger" />
        <option value="package:app.becoach.android.coachee.dev tr" />
      </list>
    </option>
  </component>
</application>