<application>
  <component name="AndroidLogcatFilterHistory">
    <option name="mostRecentlyUsed" value="package:com.vanniktech.rssreader " />
    <option name="nonFavorites">
      <list>
        <option value="package:com.vanniktech.rssreader " />
        <option value="package:mine " />
        <option value="package:app.becoach.android.coachee.dev " />
        <option value="package:app.becoach.android.coachee.dev send" />
        <option value="package:app.becoach.android.coachee" />
        <option value="package:mine side" />
        <option value="package:mine setting" />
        <option value="package:mine NI" />
        <option value="package:mine level:error " />
        <option value="package:mine scheduling: " />
        <option value="package:mine scheduling " />
        <option value="package:mine notif" />
        <option value="package:app.becoach.android.coach.dev " />
        <option value="level:error " />
        <option value="package:mine LocalNotification" />
        <option value="package:mine NII" />
        <option value="package:mine" />
        <option value="package:mine can proceed" />
        <option value="ImageDownloader" />
        <option value="rssreader" />
      </list>
    </option>
  </component>
</application>