<application>
  <component name="AndroidLogcatFilterHistory">
    <option name="mostRecentlyUsed" value="meditationtimer" />
    <option name="nonFavorites">
      <list>
        <option value="meditationtimer" />
        <option value="package:mine " />
        <option value="level:error " />
        <option value="package:mine unsupported en" />
        <option value="package:mine  unsupported en" />
        <option value="package:mine enclo" />
        <option value="errr" />
        <option value="unsupported enc" />
        <option value="unsupported" />
        <option value="outlines" />
        <option value="enclos" />
        <option value="encls" />
        <option value="Fetcher" />
        <option value="took" />
        <option value="package:mine NII" />
        <option value="package:mine encl" />
        <option value="package:mine ads" />
        <option value="package:mine level:error " />
        <option value="package:mine background" />
        <option value="rss " />
      </list>
    </option>
  </component>
</application>