<application>
  <component name="AndroidLogcatFilterHistory">
    <option name="nonFavorites">
      <list>
        <option value="package:mine " />
        <option value="package:mine NII" />
        <option value="package:mine" />
        <option value="level:error " />
        <option value="package:mine can proceed" />
        <option value="package:mine level:error " />
        <option value="ImageDownloader" />
        <option value="rssreader" />
        <option value="package:mine ImageDownloader" />
        <option value="package:mine Video" />
        <option value="package:com.vanniktech.riskbattlesimulator  LocalNotification" />
        <option value="package:com.vanniktech.daily LocalNotification" />
        <option value="package:com.vanniktech.daily" />
        <option value="package:com.vanniktech.daily NII" />
        <option value="package:com.vanniktech.daily " />
        <option value="package:com.vanniktech.cookiejar " />
        <option value="package:mine NIIK:" />
        <option value="NII" />
        <option value="package:com.vanniktech.minigolf " />
        <option value="package:com.vanniktech.flashcards NII" />
      </list>
    </option>
  </component>
</application>