<application>
  <component name="AndroidLogcatFilterHistory">
    <option name="mostRecentlyUsed" value="package:com.vanniktech.speedreading " />
    <option name="nonFavorites">
      <list>
        <option value="package:com.vanniktech.speedreading " />
        <option value="package:com.vanniktech.rssreader " />
        <option value="package:com.vanniktech.speedreading" />
        <option value="package:com.vanniktech.flashcards limit=" />
        <option value="package:com.vanniktech.flashcards " />
        <option value="package:app.becoach.android.superadmin.dev " />
        <option value="package:app.becoach.android.coachee.dev" />
        <option value="package:app.becoach.android.mandator.dev" />
        <option value="package:com.vanniktech.playground" />
        <option value="package:com.vanniktech.flashcards NIII" />
        <option value="level:error " />
        <option value="package:com.vanniktech.cookiejar " />
        <option value="packag" />
        <option value="package:app.becoach.android.coachee.dev " />
        <option value="package:com.vanniktech.rssreader NIII" />
        <option value="package:com.vanniktech.yatzy " />
        <option value="package:com.vanniktech.wizard " />
        <option value="package:com.vanniktech.wizard" />
        <option value="package:com.vanniktech.daily " />
        <option value="package:com.vanniktech.daily scheduling" />
      </list>
    </option>
  </component>
</application>