<application>
  <component name="AndroidLogcatFilterHistory">
    <option name="mostRecentlyUsed" value="rssreader" />
    <option name="nonFavorites">
      <list>
        <option value="rssreader" />
        <option value="package:app.becoach.android.coach.dev " />
        <option value="package:app.becoach.android.coachee.dev NII" />
        <option value="package:app.becoach.android.coachee.dev LOTTIE" />
        <option value="package:app.becoach.android.coachee.dev " />
        <option value="package:com.vanniktech.rssreader" />
        <option value="package:mine " />
        <option value="NII" />
        <option value="package:com.vanniktech.gameutilities" />
        <option value="package:com.vanniktech.locationhistory " />
        <option value="package:com.vanniktech.locationhistory NII" />
        <option value="package:com.vanniktech.locationhistory  NII" />
        <option value="package:com.vanniktech.rssreader NII" />
        <option value="package:com.vanniktech.rssreader " />
        <option value="package:app.becoach.android.coachee.dev send" />
        <option value="package:app.becoach.android.coachee" />
        <option value="package:mine side" />
        <option value="package:mine setting" />
        <option value="package:mine NI" />
        <option value="package:mine level:error " />
      </list>
    </option>
  </component>
</application>