<application>
  <component name="AndroidLogcatFilterHistory">
    <option name="mostRecentlyUsed" value="AIC-" />
    <option name="nonFavorites">
      <list>
        <option value="AIC-" />
        <option value="AIC-Sample" />
        <option value="Sample" />
        <option value="package:mine Sample" />
        <option value="package:com.example.canhubimagecroppersample" />
        <option value="package:mine N" />
        <option value="package:mine NII" />
        <option value="package:mine " />
        <option value="package:mine ad" />
        <option value="package:com.vanniktech.flashcards" />
        <option value="package:com.vanniktech.flashcards NII" />
        <option value="package:com.vanniktech.flashcards StrictMode policy violation" />
        <option value="package:com.vanniktech.flashcards StrictMode policy violation: android.os.strictmode.InstanceCountViolation:" />
        <option value="package:com.vanniktech.flashcards " />
        <option value="package:mine using " />
        <option value="package:mine playing" />
        <option value="package:com.vanniktech.cookiejar tag:CookieNotification" />
        <option value="package:com.vanniktech.cookiejar tag:N" />
        <option value="package:com.vanniktech.cookiejar" />
        <option value="package:com.vanniktech.myself " />
      </list>
    </option>
  </component>
</application>