<application>
  <component name="CodeInsightSettings">
    <EXCLUDED_PACKAGE NAME="android.app.Fragment" />
    <EXCLUDED_PACKAGE NAME="android.app.FragmentManager" />
    <EXCLUDED_PACKAGE NAME="android.database.Observable" />
    <EXCLUDED_PACKAGE NAME="autovalue.shaded" />
    <EXCLUDED_PACKAGE NAME="avro.shaded" />
    <EXCLUDED_PACKAGE NAME="com.beust.jcommander.internal" />
    <EXCLUDED_PACKAGE NAME="com.sun.istack" />
    <EXCLUDED_PACKAGE NAME="java.sql.Date" />
    <EXCLUDED_PACKAGE NAME="java.util.Observable" />
    <EXCLUDED_PACKAGE NAME="javafx.beans.Observable" />
    <EXCLUDED_PACKAGE NAME="javax.xml.datatype.DatatypeConstants" />
    <EXCLUDED_PACKAGE NAME="jline.internal" />
    <EXCLUDED_PACKAGE NAME="joptsimple.internal" />
    <EXCLUDED_PACKAGE NAME="junit.framework.Assert" />
    <EXCLUDED_PACKAGE NAME="junit.framework.TestCase.assertEquals" />
    <EXCLUDED_PACKAGE NAME="org.assertj.core.api.Assertions.assertThat" />
    <EXCLUDED_PACKAGE NAME="org.assertj.core.api.AssertionsForClassTypes.assertThat" />
    <EXCLUDED_PACKAGE NAME="org.assertj.core.api.AssertionsForInterfaceTypes.assertThat" />
    <EXCLUDED_PACKAGE NAME="org.assertj.core.util" />
    <EXCLUDED_PACKAGE NAME="org.flywaydb.core.internal.util" />
    <EXCLUDED_PACKAGE NAME="org.gradle.internal.impldep.org.hamcrest.MatcherAssert.assertThat" />
    <EXCLUDED_PACKAGE NAME="org.gradle.internal.impldep.org.junit.Assert.assertThat" />
    <EXCLUDED_PACKAGE NAME="org.hamcrest.MatcherAssert.assertThat" />
    <EXCLUDED_PACKAGE NAME="org.hibernate.validator.internal" />
    <EXCLUDED_PACKAGE NAME="org.junit.Assert.assertThat" />
    <EXCLUDED_PACKAGE NAME="org.mockito.internal" />
    <EXCLUDED_PACKAGE NAME="sun.util" />
  </component>
  <component name="CodeVisionSettings">
    <option name="codeVisionGroupToPosition">
      <map>
        <entry key="inheritors" value="Default" />
        <entry key="problems" value="Default" />
        <entry key="references" value="Default" />
        <entry key="vcs.code.vision" value="Default" />
      </map>
    </option>
    <option name="disabledCodeVisionProviderIds">
      <set>
        <option value="vcs.code.vision" />
      </set>
    </option>
  </component>
  <component name="EditorSettings">
    <option name="USE_SOFT_WRAPS" value="" />
    <option name="IS_ENSURE_NEWLINE_AT_EOF" value="true" />
    <option name="IS_RIGHT_MARGIN_SHOWN" value="false" />
    <option name="ADDITIONAL_PAGE_AT_BOTTOM" value="true" />
  </component>
  <component name="InlayHintsSettings">
    <option name="lastViewedProviderKeyId" value=".vcs.code.vision" />
    <settingsMapElement>
      <kotlin.kotlin.references.types.hints>
        <Settings>
          <option name="functionReturnType" value="true" />
        </Settings>
      </kotlin.kotlin.references.types.hints>
      <kotlin.kotlin.lambdas.hints>
        <Settings>
          <option name="returnExpressions" value="false" />
        </Settings>
      </kotlin.kotlin.lambdas.hints>
    </settingsMapElement>
  </component>
  <component name="JetEditorOptions">
    <option name="donTShowConversionDialog" value="true" />
  </component>
  <component name="TodoConfiguration">
    <pattern icon="important" pattern="\btodo\b.*" />
    <pattern icon="important" pattern="\bfixme\b.*" />
    <pattern useCustomColors="true" pattern="(https?:\/\/)[\w\d].[\w\d+_=#\.?\/:\-&amp;@]+">
      <option name="FOREGROUND" value="ff9800" />
      <option name="FONT_TYPE" value="2" />
      <option name="ERROR_STRIPE_COLOR" value="ff9800" />
    </pattern>
    <pattern useCustomColors="true" case-sensitive="true" pattern="FEATURE.*">
      <option name="FOREGROUND" value="7e57c2" />
      <option name="FONT_TYPE" value="2" />
    </pattern>
  </component>
</application>