<application>
  <component name="FindSettings">
    <option name="customScope" value="All Places" />
    <option name="defaultScopeName" value="All Places" />
    <option name="SEARCH_SCOPE" value="All Places" />
    <mask>*.swi</mask>
    <mask>*.json</mask>
    <mask>*.sw</mask>
    <mask>*.html</mask>
    <mask>*Test.kt</mask>
    <mask>AndroidManifest.xml</mask>
    <mask>menu*.xml</mask>
    <mask>img_*</mask>
    <mask>*Activity.kt</mask>
    <mask>*Fragment.kt</mask>
    <mask>*.sqm</mask>
    <mask>t</mask>
    <mask>*Integration.kt</mask>
    <mask>*.sql</mask>
    <mask>*Application*</mask>
    <mask>build.gradle</mask>
    <mask>*.gradle</mask>
    <mask>*.gradle.kts</mask>
    <mask>*.toml</mask>
    <mask>*Fragment*</mask>
    <mask>*.gradle*</mask>
    <mask>*Flash*</mask>
    <mask>*kt</mask>
    <mask>&gt;toml</mask>
    <mask>strings*.xml</mask>
    <mask>YatzyMain*</mask>
    <mask>*Service.kt</mask>
    <mask>*</mask>
    <mask>*Application.kt</mask>
    <mask>*View.swift</mask>
    <mask>*daily*</mask>
    <mask>myself*</mask>
    <mask>Be*</mask>
    <mask>*view*</mask>
    <mask>*view*.xml</mask>
    <mask>*menu*</mask>
    <mask>*Mapper*.kt</mask>
    <mask>*View*.kt</mask>
    <mask>*.kts</mask>
    <mask>*.xml</mask>
    <mask>*DialogFragment*</mask>
    <mask>Score*</mask>
    <mask>*Bottom*Sheet*</mask>
    <mask>strings.xml</mask>
    <mask>*.txt</mask>
    <mask>*Daily*</mask>
    <mask>*Android*</mask>
    <mask>*Notifications*</mask>
    <mask>*.xib</mask>
    <mask>*Dialog*</mask>
    <mask>*Cell.swift</mask>
    <mask>*.kt</mask>
    <mask>*Daily*.kt</mask>
    <mask>*.sq</mask>
    <mask>*.swift</mask>
  </component>
</application>