<application>
  <component name="FindSettings">
    <option name="customScope" value="All Places" />
    <option name="defaultScopeName" value="All Places" />
    <option name="SEARCH_SCOPE" value="All Places" />
    <option name="FILE_MASK" value="*.xml" />
    <mask>*.swi</mask>
    <mask>*.json</mask>
    <mask>*.sw</mask>
    <mask>*.html</mask>
    <mask>*Test.kt</mask>
    <mask>AndroidManifest.xml</mask>
    <mask>menu*.xml</mask>
    <mask>img_*</mask>
    <mask>*Activity.kt</mask>
    <mask>*Fragment.kt</mask>
    <mask>*.sqm</mask>
    <mask>t</mask>
    <mask>*Integration.kt</mask>
    <mask>build.gradle</mask>
    <mask>*.gradle</mask>
    <mask>*.gradle.kts</mask>
    <mask>*.toml</mask>
    <mask>*.gradle*</mask>
    <mask>*kt</mask>
    <mask>&gt;toml</mask>
    <mask>strings*.xml</mask>
    <mask>YatzyMain*</mask>
    <mask>*Service.kt</mask>
    <mask>*</mask>
    <mask>*Application.kt</mask>
    <mask>*View.swift</mask>
    <mask>*daily*</mask>
    <mask>myself*</mask>
    <mask>Be*</mask>
    <mask>*view*</mask>
    <mask>*view*.xml</mask>
    <mask>*menu*</mask>
    <mask>*Mapper*.kt</mask>
    <mask>*View*.kt</mask>
    <mask>*DialogFragment*</mask>
    <mask>Score*</mask>
    <mask>*Bottom*Sheet*</mask>
    <mask>*.txt</mask>
    <mask>*Daily*</mask>
    <mask>*Android*</mask>
    <mask>*Notifications*</mask>
    <mask>*Dialog*</mask>
    <mask>*Daily*.kt</mask>
    <mask>/</mask>
    <mask>*Application*</mask>
    <mask>*Dependen*</mask>
    <mask>*Settings*</mask>
    <mask>*Cell.swift</mask>
    <mask>*.xib</mask>
    <mask>strings.xml</mask>
    <mask>*Interactor*</mask>
    <mask>*Activity*</mask>
    <mask>*main*</mask>
    <mask>*Flash*</mask>
    <mask>*Med*.swift</mask>
    <mask>*Board*</mask>
    <mask>*Game*.swift</mask>
    <mask>*Mini*.swift</mask>
    <mask>*Speed*.swift</mask>
    <mask>*Rss*</mask>
    <mask>*RSS*swift</mask>
    <mask>*RSS*</mask>
    <mask>*Super*</mask>
    <mask>*Fragment*</mask>
    <mask>*James*.swift</mask>
    <mask>rss</mask>
    <mask>*rss*</mask>
    <mask>*.sql</mask>
    <mask>*Be*</mask>
    <mask>*Feature*</mask>
    <mask>Coach*</mask>
    <mask>Coachee*</mask>
    <mask>*.kts</mask>
    <mask>*.sq</mask>
    <mask>*Truth*</mask>
    <mask>*Db*</mask>
    <mask>*strings*</mask>
    <mask>*.kt</mask>
    <mask>**.swift</mask>
    <mask>*Yatzy*</mask>
    <mask>*Yatzy*.swift</mask>
    <mask>*Wizard*.swift</mask>
    <mask>*Scorecard*.swift</mask>
    <mask>*Risk*.swift</mask>
    <mask>*Myself*.swift</mask>
    <mask>*Minigolf*.swift</mask>
    <mask>*LocationHistory*.swift</mask>
    <mask>*Flash*.swift</mask>
    <mask>*Cookie*.swift</mask>
    <mask>*Chess*.swift</mask>
    <mask>*Board*.swift</mask>
    <mask>*.swift</mask>
    <mask>*Dependencies*</mask>
    <mask>*.xml</mask>
  </component>
</application>