<application>
  <component name="FindSettings">
    <option name="customScope" value="All Places" />
    <option name="defaultScopeName" value="All Places" />
    <option name="SEARCH_SCOPE" value="All Places" />
    <mask>*.swi</mask>
    <mask>*.json</mask>
    <mask>*.sw</mask>
    <mask>*.html</mask>
    <mask>*Test.kt</mask>
    <mask>AndroidManifest.xml</mask>
    <mask>*Dialog*</mask>
    <mask>menu*.xml</mask>
    <mask>img_*</mask>
    <mask>*Activity.kt</mask>
    <mask>*Fragment.kt</mask>
    <mask>*.sqm</mask>
    <mask>t</mask>
    <mask>*Integration.kt</mask>
    <mask>*.sql</mask>
    <mask>*.txt</mask>
    <mask>*Application*</mask>
    <mask>build.gradle</mask>
    <mask>*.gradle</mask>
    <mask>*.gradle.kts</mask>
    <mask>*.xml</mask>
    <mask>*.toml</mask>
    <mask>*Fragment*</mask>
    <mask>*.gradle*</mask>
    <mask>*.swift</mask>
    <mask>*.kt</mask>
    <mask>*.sq</mask>
    <mask>*Flash*</mask>
    <mask>*kt</mask>
    <mask>*.kts</mask>
  </component>
</application>