<application>
  <component name="GraziConfig">
    <option name="enabledLanguages">
      <set>
        <option value="English (US)" />
        <option value="German (Germany)" />
      </set>
    </option>
    <option name="suppressingContext">
      <SuppressingContext>
        <option name="suppressed">
          <set>
            <option value="ass" />
            <option value="entriesDestination" />
            <option value="the|Always handles the last ovulationTest from the passed" />
            <option value="fuck" />
            <option value="entriesCodeSuffix" />
            <option value="are belonging" />
            <option value="FlashcardsEditCardView" />
            <option value="countriesAdapter" />
            <option value="CoachJamesJourneySessionsDelegate" />
            <option value="the|Each implementation can kind of define how they want the id to be, Whether it's really just an arbitrary or the current index." />
            <option value="Meta Data" />
            <option value="James|Create James Feedback." />
            <option value="ProductsAdapter" />
            <option value="100 Questions|Thank you for using the 100 Questions app." />
            <option value="jamesSessionsCoachCreatingToForward" />
            <option value="yearsSuffix" />
            <option value="adsDelegate" />
            <option value="daysSuffix" />
            <option value="FlashcardsEditCardDelegate" />
            <option value="horniest" />
            <option value="showFavoritesButton" />
            <option value="hoursSuffix" />
            <option value="CoachJamesJourneySessionsFeature" />
            <option value="beLabsAccounts" />
            <option value="attachmentsButton" />
          </set>
        </option>
      </SuppressingContext>
    </option>
  </component>
</application>