<application>
  <component name="GraziConfig">
    <option name="enabledLanguages">
      <set>
        <option value="English (US)" />
        <option value="German (Germany)" />
      </set>
    </option>
    <option name="suppressingContext">
      <SuppressingContext>
        <option name="suppressed">
          <set>
            <option value="are belonging" />
            <option value="Meta Data" />
            <option value="FlashcardsItemCategory" />
            <option value="FlashcardsItemDeck" />
            <option value="FlashcardsItem" />
          </set>
        </option>
      </SuppressingContext>
    </option>
  </component>
</application>