<application>
  <component name="IgnoredPluginSuggestions">
    <option name="pluginIds">
      <list>
        <option value="idea.plugin.protoeditor" />
        <option value="com.haulmont.jpab" />
        <option value="com.github.bufbuild.intellij" />
        <option value="aws.toolkit" />
        <option value="com.intellij.spring.boot" />
        <option value="com.intellij.thymeleaf" />
        <option value="com.intellij.spring.security" />
        <option value="com.intellij.spring.cloud" />
        <option value="com.intellij.spring.data" />
      </list>
    </option>
  </component>
</application>