<application>
  <component name="NotificationConfiguration">
    <notification groupId="Build sync orphan modules" displayType="NONE" shouldLog="false" />
    <notification groupId="Genymotion" displayType="NONE" />
    <notification groupId="Genymotion settings" displayType="STICKY_BALLOON" />
    <notification groupId="Gradle Notification Group" displayType="NONE" shouldLog="false" />
    <notification groupId="IDE Usage Statistics" displayType="STICKY_BALLOON" shouldLog="false" />
    <notification groupId="Maven Import" displayType="STICKY_BALLOON" />
  </component>
</application>