<application>
  <component name="SettingsSyncPlugins">
    <option name="plugins">
      <map>
        <entry key="String Manipulation">
          <value>
            <PluginData>
              <option name="dependencies">
                <set>
                  <option value="com.intellij.modules.platform" />
                </set>
              </option>
            </PluginData>
          </value>
        </entry>
        <entry key="com.haulmont.jpab">
          <value>
            <PluginData>
              <option name="dependencies">
                <set>
                  <option value="com.intellij.modules.java" />
                  <option value="com.intellij.modules.platform" />
                  <option value="com.intellij.properties" />
                </set>
              </option>
              <option name="enabled" value="false" />
            </PluginData>
          </value>
        </entry>
        <entry key="com.jetbrains.space">
          <value>
            <PluginData>
              <option name="enabled" value="false" />
            </PluginData>
          </value>
        </entry>
        <entry key="com.squareup.sqldelight">
          <value>
            <PluginData>
              <option name="dependencies">
                <set>
                  <option value="com.intellij.gradle" />
                  <option value="com.intellij.java" />
                  <option value="com.intellij.modules.lang" />
                  <option value="org.jetbrains.kotlin" />
                </set>
              </option>
            </PluginData>
          </value>
        </entry>
      </map>
    </option>
  </component>
</application>