<application>
  <component name="CachedDictionaryState">
    <words>
      <w>abdominals</w>
      <w>archieve</w>
      <w>auswertungs</w>
      <w>baudy</w>
      <w>beadmin</w>
      <w>beassistant</w>
      <w>becoach</w>
      <w>belabs</w>
      <w>beschreibung</w>
      <w>blurhash</w>
      <w>brandings</w>
      <w>breuninger</w>
      <w>buttler</w>
      <w>canhub</w>
      <w>coachee</w>
      <w>coachees</w>
      <w>deeplinks</w>
      <w>demuxer</w>
      <w>dorsi</w>
      <w>eins</w>
      <w>fileprovider</w>
      <w>genitiv</w>
      <w>glutes</w>
      <w>groupable</w>
      <w>imageable</w>
      <w>interactor</w>
      <w>jankiness</w>
      <w>jankness</w>
      <w>ktlint</w>
      <w>lagginess</w>
      <w>latissimus</w>
      <w>mandator</w>
      <w>mandators</w>
      <w>minigolf</w>
      <w>modally</w>
      <w>noto</w>
      <w>opml</w>
      <w>parseable</w>
      <w>playwire</w>
      <w>previewable</w>
      <w>quinary</w>
      <w>reflektion</w>
      <w>savy</w>
      <w>sequenceable</w>
      <w>sequenceables</w>
      <w>showable</w>
      <w>sqldelight</w>
      <w>subline</w>
      <w>superadmin</w>
      <w>themable</w>
      <w>trapezius</w>
      <w>unprocessable</w>
      <w>ununterstützt</w>
      <w>upsale</w>
      <w>upserted</w>
      <w>upserting</w>
      <w>vanniktech</w>
      <w>videoable</w>
      <w>weekth</w>
      <w>weightable</w>
      <w>yatzy</w>
    </words>
  </component>
</application>