<application>
  <component name="UpdatesConfigurable">
    <ignoredBuildNumbers>
      <item value="system-images;android-23;android-tv;armeabi-v7a#3" />
      <item value="system-images;android-23;android-tv;x86#3" />
      <item value="tools#25.0.8" />
      <item value="system-images;android-21;google_apis;armeabi-v7a#15" />
      <item value="system-images;android-21;google_apis;x86#15" />
      <item value="system-images;android-21;google_apis;x86_64#15" />
      <item value="system-images;android-22;google_apis;armeabi-v7a#9" />
      <item value="system-images;android-22;google_apis;x86#9" />
      <item value="system-images;android-22;google_apis;x86_64#9" />
      <item value="system-images;android-23;google_apis;x86_64#16" />
      <item value="system-images;android-24;default;x86#6" />
      <item value="145.3330264" />
      <item value="extras;google;google_play_services#33" />
      <item value="extras;google;m2repository#36" />
      <item value="system-images;android-21;google_apis;armeabi-v7a#16" />
      <item value="system-images;android-21;google_apis;x86#16" />
      <item value="system-images;android-21;google_apis;x86_64#16" />
      <item value="system-images;android-22;google_apis;armeabi-v7a#10" />
      <item value="system-images;android-22;google_apis;x86#10" />
      <item value="system-images;android-22;google_apis;x86_64#10" />
      <item value="system-images;android-23;android-wear;armeabi-v7a#6" />
      <item value="system-images;android-23;android-wear;x86#6" />
      <item value="system-images;android-23;google_apis;x86_64#17" />
      <item value="system-images;android-24;default;x86#7" />
      <item value="system-images;android-24;default;x86_64#7" />
      <item value="platform-tools#24.0.4" />
      <item value="182.5107.16.33.5199772" />
    </ignoredBuildNumbers>
    <option name="LAST_BUILD_CHECKED" value="IC-223.7401.7" />
    <option name="LAST_TIME_CHECKED" value="1667502984957" />
    <pluginHosts>
      <item value="https://plugins.jetbrains.com/plugins/eap/org.jetbrains.kotlin" />
      <item value="https://plugins.jetbrains.com/plugins/eap/com.squareup.sqldelight" />
    </pluginHosts>
    <option name="THIRD_PARTY_PLUGINS_ALLOWED" value="true" />
    <option name="UPDATE_CHANNEL_TYPE" value="eap" />
    <option name="WHATS_NEW_SHOWN_FOR" value="222" />
  </component>
</application>