<toolSet name="External Tools">
  <tool name="Sublime" description="Sublime" showInMainMenu="true" showInEditor="true" showInProject="true" showInSearchPopup="true" disabled="false" useConsole="false" showConsoleOnStdOut="false" showConsoleOnStdErr="false" synchronizeAfterRun="true">
    <exec>
      <option name="COMMAND" value="subl" />
      <option name="PARAMETERS" value="$FilePath$:$LineNumber$" />
      <option name="WORKING_DIRECTORY" value="$ProjectFileDir$" />
    </exec>
  </tool>
  <tool name="iTerm" showInMainMenu="true" showInEditor="true" showInProject="true" showInSearchPopup="true" disabled="false" useConsole="false" showConsoleOnStdOut="false" showConsoleOnStdErr="false" synchronizeAfterRun="true">
    <exec>
      <option name="COMMAND" value="/Applications/iTerm.app" />
      <option name="PARAMETERS" value="$FileDir$" />
      <option name="WORKING_DIRECTORY" value="/Applications" />
    </exec>
  </tool>
</toolSet>