<profile version="1.0">
  <option name="myName" value="Default" />
  <inspection_tool class="AbstractMethodCallInConstructor" enabled="true" level="WARNING" enabled_by_default="true" />
  <inspection_tool class="AndroidLintContentDescription" enabled="false" level="WARNING" enabled_by_default="false" />
  <inspection_tool class="AnonymousInnerClassMayBeStatic" enabled="true" level="WARNING" enabled_by_default="true" />
  <inspection_tool class="ArrayEquality" enabled="true" level="WARNING" enabled_by_default="true" />
  <inspection_tool class="AssertEqualsCalledOnArray" enabled="true" level="WARNING" enabled_by_default="true" />
  <inspection_tool class="BooleanMethodNameMustStartWithQuestion" enabled="false" level="WARNING" enabled_by_default="false">
    <option name="ignoreBooleanMethods" value="false" />
    <option name="ignoreInAnnotationInterface" value="true" />
    <option name="onlyWarnOnBaseMethods" value="true" />
    <option name="questionString" value="are,can,contains,could,has,is,must,shall,should,was,were,will,would" />
  </inspection_tool>
  <inspection_tool class="ButterKnifeInjectNotCalled" enabled="false" level="WARNING" enabled_by_default="false" />
  <inspection_tool class="ButterKnifeNoViewWithId" enabled="false" level="WARNING" enabled_by_default="false" />
  <inspection_tool class="CatchMayIgnoreException" enabled="true" level="WARNING" enabled_by_default="true">
    <option name="m_ignoreCatchBlocksWithComments" value="false" />
  </inspection_tool>
  <inspection_tool class="ClassMayBeInterface" enabled="true" level="WARNING" enabled_by_default="true" />
  <inspection_tool class="ClassWithOnlyPrivateConstructors" enabled="true" level="WARNING" enabled_by_default="true" />
  <inspection_tool class="CollectionsFieldAccessReplaceableByMethodCall" enabled="true" level="WARNING" enabled_by_default="true" />
  <inspection_tool class="ConstantAssertCondition" enabled="true" level="WARNING" enabled_by_default="true" />
  <inspection_tool class="ConstantNamingConvention" enabled="true" level="WARNING" enabled_by_default="true">
    <option name="onlyCheckImmutables" value="false" />
    <option name="m_regex" value="[A-Z][A-Z_\d]*" />
    <option name="m_minLength" value="2" />
    <option name="m_maxLength" value="64" />
  </inspection_tool>
  <inspection_tool class="ControlFlowStatementWithoutBraces" enabled="true" level="WARNING" enabled_by_default="true" />
  <inspection_tool class="Convert2streamapi" enabled="false" level="WEAK WARNING" enabled_by_default="false" />
  <inspection_tool class="DefaultFileTemplate" enabled="false" level="WARNING" enabled_by_default="false">
    <option name="CHECK_FILE_HEADER" value="true" />
    <option name="CHECK_TRY_CATCH_SECTION" value="true" />
    <option name="CHECK_METHOD_BODY" value="true" />
  </inspection_tool>
  <inspection_tool class="DefaultNotLastCaseInSwitch" enabled="true" level="WARNING" enabled_by_default="true" />
  <inspection_tool class="DoubleBraceInitialization" enabled="true" level="WARNING" enabled_by_default="true" />
  <inspection_tool class="ElementOnlyUsedFromTestCode" enabled="true" level="WARNING" enabled_by_default="true" />
  <inspection_tool class="EnumSwitchStatementWhichMissesCases" enabled="true" level="WARNING" enabled_by_default="true">
    <option name="ignoreSwitchStatementsWithDefault" value="false" />
  </inspection_tool>
  <inspection_tool class="EqualsCalledOnEnumConstant" enabled="true" level="WARNING" enabled_by_default="true" />
  <inspection_tool class="FieldCanBeLocal" enabled="true" level="WARNING" enabled_by_default="true">
    <option name="EXCLUDE_ANNOS">
      <value>
        <list size="1">
          <item index="0" class="java.lang.String" itemvalue="com.squareup.moshi.Json" />
        </list>
      </value>
    </option>
    <option name="IGNORE_FIELDS_USED_IN_MULTIPLE_METHODS" value="false" />
  </inspection_tool>
  <inspection_tool class="IgnoredJUnitTest" enabled="true" level="WARNING" enabled_by_default="true" />
  <inspection_tool class="InstanceVariableNamingConvention" enabled="false" level="WARNING" enabled_by_default="false">
    <option name="m_regex" value="[a-z][A-Za-z\d]*" />
    <option name="m_minLength" value="2" />
    <option name="m_maxLength" value="64" />
  </inspection_tool>
  <inspection_tool class="IteratorNextDoesNotThrowNoSuchElementException" enabled="true" level="WARNING" enabled_by_default="true" />
  <inspection_tool class="JUnitRule" enabled="true" level="WARNING" enabled_by_default="true" />
  <inspection_tool class="JavaLangImport" enabled="true" level="WARNING" enabled_by_default="true" />
  <inspection_tool class="LambdaParameterHidingMemberVariable" enabled="true" level="WARNING" enabled_by_default="true" />
  <inspection_tool class="LocalVariableHidingMemberVariable" enabled="true" level="WARNING" enabled_by_default="true">
    <option name="m_ignoreInvisibleFields" value="true" />
    <option name="m_ignoreStaticMethods" value="true" />
  </inspection_tool>
  <inspection_tool class="LocalVariableNamingConvention" enabled="true" level="WARNING" enabled_by_default="true">
    <option name="m_ignoreForLoopParameters" value="false" />
    <option name="m_ignoreCatchParameters" value="false" />
    <option name="m_regex" value="[a-z][A-Za-z\d]*" />
    <option name="m_minLength" value="1" />
    <option name="m_maxLength" value="64" />
  </inspection_tool>
  <inspection_tool class="MethodMayBeStatic" enabled="true" level="WARNING" enabled_by_default="true">
    <option name="m_onlyPrivateOrFinal" value="false" />
    <option name="m_ignoreEmptyMethods" value="true" />
  </inspection_tool>
  <inspection_tool class="MethodNameSameAsParentName" enabled="true" level="WARNING" enabled_by_default="true" />
  <inspection_tool class="MethodNamesDifferOnlyByCase" enabled="true" level="WARNING" enabled_by_default="true" />
  <inspection_tool class="MissingOverrideAnnotation" enabled="true" level="WARNING" enabled_by_default="true">
    <option name="ignoreObjectMethods" value="true" />
    <option name="ignoreAnonymousClassMethods" value="false" />
  </inspection_tool>
  <inspection_tool class="MissortedModifiers" enabled="true" level="WARNING" enabled_by_default="true">
    <option name="m_requireAnnotationsFirst" value="true" />
  </inspection_tool>
  <inspection_tool class="MultipleTypedDeclaration" enabled="true" level="WARNING" enabled_by_default="true" />
  <inspection_tool class="NonFinalFieldInEnum" enabled="true" level="WARNING" enabled_by_default="true" />
  <inspection_tool class="NonFinalUtilityClass" enabled="true" level="WARNING" enabled_by_default="true" />
  <inspection_tool class="NonThreadSafeLazyInitialization" enabled="true" level="WARNING" enabled_by_default="true" />
  <inspection_tool class="OnDemandImport" enabled="true" level="WARNING" enabled_by_default="true" />
  <inspection_tool class="OverridableMethodCallDuringObjectConstruction" enabled="true" level="WARNING" enabled_by_default="true" />
  <inspection_tool class="OverriddenMethodCallDuringObjectConstruction" enabled="true" level="WARNING" enabled_by_default="true" />
  <inspection_tool class="PackageNamingConvention" enabled="true" level="WARNING" enabled_by_default="true">
    <option name="m_regex" value="[a-z]*" />
    <option name="m_minLength" value="2" />
    <option name="m_maxLength" value="16" />
  </inspection_tool>
  <inspection_tool class="ParameterHidingMemberVariable" enabled="true" level="WARNING" enabled_by_default="true">
    <option name="m_ignoreInvisibleFields" value="true" />
    <option name="m_ignoreStaticMethodParametersHidingInstanceFields" value="true" />
    <option name="m_ignoreForConstructors" value="true" />
    <option name="m_ignoreForPropertySetters" value="true" />
    <option name="m_ignoreForAbstractMethods" value="false" />
  </inspection_tool>
  <inspection_tool class="ParameterizedParametersStaticCollection" enabled="true" level="WARNING" enabled_by_default="true" />
  <inspection_tool class="RandomDoubleForRandomInteger" enabled="true" level="WARNING" enabled_by_default="true" />
  <inspection_tool class="RedundantFieldInitialization" enabled="true" level="WARNING" enabled_by_default="true" />
  <inspection_tool class="RedundantImplements" enabled="true" level="WARNING" enabled_by_default="true">
    <option name="ignoreSerializable" value="false" />
    <option name="ignoreCloneable" value="false" />
  </inspection_tool>
  <inspection_tool class="RedundantMethodOverride" enabled="true" level="WARNING" enabled_by_default="true" />
  <inspection_tool class="RedundantThrowsDeclaration" enabled="true" level="WARNING" enabled_by_default="true" />
  <inspection_tool class="SSBasedInspection" enabled="true" level="WARNING" enabled_by_default="true" />
  <inspection_tool class="SamePackageImport" enabled="true" level="WARNING" enabled_by_default="true" />
  <inspection_tool class="SerializableHasSerialVersionUIDField" enabled="true" level="WARNING" enabled_by_default="true">
    <option name="ignoreAnonymousInnerClasses" value="false" />
    <option name="superClassString" value="" />
  </inspection_tool>
  <inspection_tool class="SimplifiableEqualsExpression" enabled="true" level="WARNING" enabled_by_default="true" />
  <inspection_tool class="StringEqualsEmptyString" enabled="true" level="WARNING" enabled_by_default="true" />
  <inspection_tool class="SwitchStatementsWithoutDefault" enabled="true" level="WARNING" enabled_by_default="true">
    <option name="m_ignoreFullyCoveredEnums" value="true" />
  </inspection_tool>
  <inspection_tool class="SystemGC" enabled="true" level="WARNING" enabled_by_default="true" />
  <inspection_tool class="TrivialStringConcatenation" enabled="true" level="WARNING" enabled_by_default="true" />
  <inspection_tool class="UnnecessaryBlockStatement" enabled="true" level="WARNING" enabled_by_default="true">
    <option name="ignoreSwitchBranches" value="false" />
  </inspection_tool>
  <inspection_tool class="UnnecessaryConstructor" enabled="true" level="WARNING" enabled_by_default="true">
    <option name="ignoreAnnotations" value="true" />
  </inspection_tool>
  <inspection_tool class="UnnecessaryFullyQualifiedName" enabled="true" level="WARNING" enabled_by_default="true">
    <option name="m_ignoreJavadoc" value="false" />
    <option name="ignoreInModuleStatements" value="true" />
  </inspection_tool>
  <inspection_tool class="UnnecessaryParentheses" enabled="true" level="WARNING" enabled_by_default="true">
    <option name="ignoreClarifyingParentheses" value="true" />
    <option name="ignoreParenthesesOnConditionals" value="false" />
    <option name="ignoreParenthesesOnLambdaParameter" value="false" />
  </inspection_tool>
  <inspection_tool class="UnnecessaryQualifierForThis" enabled="true" level="WARNING" enabled_by_default="true" />
  <inspection_tool class="UnnecessarySuperConstructor" enabled="true" level="WARNING" enabled_by_default="true" />
  <inspection_tool class="UnnecessaryThis" enabled="true" level="WARNING" enabled_by_default="true" />
  <inspection_tool class="UnnecessaryToStringCall" enabled="true" level="WARNING" enabled_by_default="true" />
  <inspection_tool class="UnnecessaryUnicodeEscape" enabled="true" level="WARNING" enabled_by_default="true" />
  <inspection_tool class="UnusedCatchParameter" enabled="true" level="WARNING" enabled_by_default="true">
    <option name="m_ignoreCatchBlocksWithComments" value="false" />
    <option name="m_ignoreTestCases" value="false" />
  </inspection_tool>
  <inspection_tool class="UnusedLibrary" enabled="true" level="WARNING" enabled_by_default="true" />
  <inspection_tool class="UnusedProperty" enabled="false" level="WARNING" enabled_by_default="false" />
  <inspection_tool class="UseOfSunClasses" enabled="true" level="WARNING" enabled_by_default="true" />
</profile>