<keymap version="1" name="Eclipse (Mac OS X) copy" parent="Eclipse (Mac OS X)">
  <action id="$Cut">
    <keyboard-shortcut first-keystroke="meta x" />
  </action>
  <action id="$LRU">
    <keyboard-shortcut first-keystroke="shift meta o" />
  </action>
  <action id="ActivateAndroidMonitorToolWindow">
    <keyboard-shortcut first-keystroke="meta 7" />
  </action>
  <action id="ActivateBuildVariantsToolWindow">
    <keyboard-shortcut first-keystroke="meta 8" />
  </action>
  <action id="ActivateChangesToolWindow">
    <keyboard-shortcut first-keystroke="meta equals" />
  </action>
  <action id="ActivateDebugToolWindow">
    <keyboard-shortcut first-keystroke="meta 6" />
  </action>
  <action id="ActivateFindToolWindow">
    <keyboard-shortcut first-keystroke="meta minus" />
  </action>
  <action id="ActivateHierarchyToolWindow" />
  <action id="ActivateInspectionToolWindow">
    <keyboard-shortcut first-keystroke="meta open_bracket" />
  </action>
  <action id="ActivatePreviewToolWindow">
    <keyboard-shortcut first-keystroke="meta close_bracket" />
  </action>
  <action id="ActivateProjectToolWindow">
    <keyboard-shortcut first-keystroke="meta 2" />
  </action>
  <action id="ActivateRunToolWindow">
    <keyboard-shortcut first-keystroke="meta 9" />
  </action>
  <action id="ActivateStructureToolWindow" />
  <action id="AddToFavoritesPopup" />
  <action id="Android.SyncProject">
    <keyboard-shortcut first-keystroke="meta alt g" />
  </action>
  <action id="AndroidConnectDebuggerAction">
    <keyboard-shortcut first-keystroke="shift meta b" />
  </action>
  <action id="AndroidExtractStyleAction">
    <keyboard-shortcut first-keystroke="shift meta y" />
  </action>
  <action id="AutoIndentLines" />
  <action id="Back">
    <keyboard-shortcut first-keystroke="alt open_bracket" />
    <keyboard-shortcut first-keystroke="ctrl open_bracket" />
  </action>
  <action id="CIDR.Lang.Cpp.GenerateDefinitions" />
  <action id="CIDR.Lang.ImportsHierarchy" />
  <action id="CIDR.Lang.IntroduceDefine" />
  <action id="CIDR.Lang.IntroduceTypedef" />
  <action id="CIDR.Lang.ObjC.IntroduceProperty" />
  <action id="CallHierarchy" />
  <action id="ChangeSignature">
    <keyboard-shortcut first-keystroke="shift meta s" />
  </action>
  <action id="ChangesView.AddUnversioned" />
  <action id="ChangesView.Commit">
    <keyboard-shortcut first-keystroke="meta t" second-keystroke="meta c" />
  </action>
  <action id="ChangesView.Move" />
  <action id="ChangesView.Revert" />
  <action id="CheckinProject">
    <keyboard-shortcut first-keystroke="meta t" second-keystroke="meta k" />
  </action>
  <action id="ChooseDebugConfiguration" />
  <action id="ChooseNextSubsequentPropertyValueEditorAction" />
  <action id="ChoosePrevSubsequentPropertyValueEditorAction" />
  <action id="ChooseRunConfiguration">
    <keyboard-shortcut first-keystroke="meta r" />
  </action>
  <action id="CloseAllEditors">
    <keyboard-shortcut first-keystroke="meta alt w" />
  </action>
  <action id="CloseAllEditorsButActive">
    <keyboard-shortcut first-keystroke="shift meta w" />
  </action>
  <action id="CloseProject">
    <keyboard-shortcut first-keystroke="alt f4" />
  </action>
  <action id="CollapseAll" />
  <action id="CollapseAllRegions" />
  <action id="CollapseRegion" />
  <action id="CollapseRegionRecursively" />
  <action id="CollapseTreeNode" />
  <action id="CommanderSwapPanels" />
  <action id="CommentByBlockComment" />
  <action id="CommentByLineComment">
    <keyboard-shortcut first-keystroke="meta slash" />
  </action>
  <action id="Compare.SameVersion">
    <keyboard-shortcut first-keystroke="meta t" second-keystroke="meta s" />
  </action>
  <action id="Compare.Selected">
    <keyboard-shortcut first-keystroke="meta t" second-keystroke="meta d" />
  </action>
  <action id="CompareDirs" />
  <action id="CompareJars" />
  <action id="CompareTwoFiles" />
  <action id="CompileDirty" />
  <action id="Console.History.Browse" />
  <action id="CopyAsDiagnosticTest" />
  <action id="CopyPaths" />
  <action id="CopyReference" />
  <action id="Debug">
    <keyboard-shortcut first-keystroke="meta alt r" />
  </action>
  <action id="DebugClass">
    <keyboard-shortcut first-keystroke="shift ctrl d" />
    <keyboard-shortcut first-keystroke="meta alt quote" />
  </action>
  <action id="Debugger.AddToWatch">
    <keyboard-shortcut first-keystroke="meta f4" />
  </action>
  <action id="Debugger.EditTypeSource" />
  <action id="Debugger.Inspect" />
  <action id="DecrementWindowHeight" />
  <action id="Diff.FocusOppositePane" />
  <action id="Diff.FocusOppositePaneAndScroll" />
  <action id="Diff.ShowDiff" />
  <action id="Diff.ShowSettingsPopup" />
  <action id="Diff.UpdatedFiles" />
  <action id="DomCollectionControl.Edit" />
  <action id="DomElementsTreeView.GotoDomElementDeclarationAction" />
  <action id="DuplicatesForm.SendToRight" />
  <action id="EditSource">
    <keyboard-shortcut first-keystroke="ctrl alt d" />
  </action>
  <action id="EditSourceInNewWindow" />
  <action id="Editor LRU">
    <keyboard-shortcut first-keystroke="shift meta o" />
  </action>
  <action id="Editor SelectAll">
    <keyboard-shortcut first-keystroke="meta a" />
  </action>
  <action id="EditorCloneCaretAbove">
    <keyboard-shortcut first-keystroke="shift meta u" />
  </action>
  <action id="EditorCloneCaretBelow">
    <keyboard-shortcut first-keystroke="shift meta g" />
  </action>
  <action id="EditorCodeBlockEnd">
    <keyboard-shortcut first-keystroke="f3" />
  </action>
  <action id="EditorCodeBlockEndWithSelection">
    <keyboard-shortcut first-keystroke="shift f3" />
  </action>
  <action id="EditorCodeBlockStart">
    <keyboard-shortcut first-keystroke="f2" />
  </action>
  <action id="EditorCodeBlockStartWithSelection">
    <keyboard-shortcut first-keystroke="shift f2" />
  </action>
  <action id="EditorDeleteLine">
    <keyboard-shortcut first-keystroke="meta l" />
  </action>
  <action id="EditorDeleteToLineEnd" />
  <action id="EditorDown">
    <keyboard-shortcut first-keystroke="alt j" />
    <keyboard-shortcut first-keystroke="down" />
  </action>
  <action id="EditorDownWithSelection">
    <keyboard-shortcut first-keystroke="shift alt j" />
    <keyboard-shortcut first-keystroke="shift down" />
  </action>
  <action id="EditorDuplicateLines">
    <keyboard-shortcut first-keystroke="shift meta d" />
  </action>
  <action id="EditorLeft">
    <keyboard-shortcut first-keystroke="alt h" />
    <keyboard-shortcut first-keystroke="left" />
  </action>
  <action id="EditorLeftWithSelection">
    <keyboard-shortcut first-keystroke="shift alt h" />
    <keyboard-shortcut first-keystroke="shift left" />
  </action>
  <action id="EditorLineEnd">
    <keyboard-shortcut first-keystroke="alt g" />
    <keyboard-shortcut first-keystroke="meta right" />
  </action>
  <action id="EditorLineEndWithSelection">
    <keyboard-shortcut first-keystroke="shift alt g" />
    <keyboard-shortcut first-keystroke="shift meta right" />
  </action>
  <action id="EditorLineStart">
    <keyboard-shortcut first-keystroke="alt f" />
    <keyboard-shortcut first-keystroke="meta left" />
  </action>
  <action id="EditorLineStartWithSelection">
    <keyboard-shortcut first-keystroke="shift alt f" />
    <keyboard-shortcut first-keystroke="shift meta left" />
  </action>
  <action id="EditorMoveToPageBottom">
    <keyboard-shortcut first-keystroke="ctrl alt down" />
  </action>
  <action id="EditorMoveToPageTop">
    <keyboard-shortcut first-keystroke="ctrl alt up" />
  </action>
  <action id="EditorNextWord">
    <keyboard-shortcut first-keystroke="alt w" />
    <keyboard-shortcut first-keystroke="alt right" />
  </action>
  <action id="EditorNextWordInDifferentHumpsMode">
    <keyboard-shortcut first-keystroke="alt e" />
  </action>
  <action id="EditorNextWordInDifferentHumpsModeWithSelection">
    <keyboard-shortcut first-keystroke="shift alt e" />
  </action>
  <action id="EditorNextWordWithSelection">
    <keyboard-shortcut first-keystroke="shift alt w" />
    <keyboard-shortcut first-keystroke="shift alt right" />
  </action>
  <action id="EditorPreviousWord">
    <keyboard-shortcut first-keystroke="alt b" />
    <keyboard-shortcut first-keystroke="alt left" />
  </action>
  <action id="EditorPreviousWordInDifferentHumpsMode">
    <keyboard-shortcut first-keystroke="alt q" />
  </action>
  <action id="EditorPreviousWordInDifferentHumpsModeWithSelection">
    <keyboard-shortcut first-keystroke="shift alt q" />
  </action>
  <action id="EditorPreviousWordWithSelection">
    <keyboard-shortcut first-keystroke="shift alt b" />
    <keyboard-shortcut first-keystroke="shift alt left" />
  </action>
  <action id="EditorRight">
    <keyboard-shortcut first-keystroke="alt l" />
    <keyboard-shortcut first-keystroke="right" />
  </action>
  <action id="EditorRightWithSelection">
    <keyboard-shortcut first-keystroke="shift alt l" />
    <keyboard-shortcut first-keystroke="shift right" />
  </action>
  <action id="EditorScrollDown">
    <keyboard-shortcut first-keystroke="meta down" />
  </action>
  <action id="EditorScrollUp">
    <keyboard-shortcut first-keystroke="meta up" />
  </action>
  <action id="EditorSelectWord">
    <keyboard-shortcut first-keystroke="shift meta semicolon" />
    <keyboard-shortcut first-keystroke="shift alt semicolon" />
  </action>
  <action id="EditorSortLines">
    <keyboard-shortcut first-keystroke="shift meta 2" />
  </action>
  <action id="EditorTabsGroup">
    <keyboard-shortcut first-keystroke="meta y" />
  </action>
  <action id="EditorToggleCase">
    <keyboard-shortcut first-keystroke="meta k" second-keystroke="meta l" />
  </action>
  <action id="EditorToggleColumnMode">
    <keyboard-shortcut first-keystroke="shift meta l" />
  </action>
  <action id="EditorUnSelectWord">
    <keyboard-shortcut first-keystroke="shift meta quote" />
    <keyboard-shortcut first-keystroke="shift alt quote" />
  </action>
  <action id="EditorUp">
    <keyboard-shortcut first-keystroke="alt k" />
    <keyboard-shortcut first-keystroke="up" />
  </action>
  <action id="EditorUpWithSelection">
    <keyboard-shortcut first-keystroke="shift up" />
    <keyboard-shortcut first-keystroke="shift alt k" />
  </action>
  <action id="EmmetNextEditPoint" />
  <action id="EmmetPreviousEditPoint" />
  <action id="EmojiAndSymbols" />
  <action id="EvaluateExpression">
    <keyboard-shortcut first-keystroke="meta b" />
  </action>
  <action id="ExpandAll">
    <keyboard-shortcut first-keystroke="meta add" />
  </action>
  <action id="ExpandRegion" />
  <action id="ExternalJavaDoc" />
  <action id="ExternalSystem.CollapseAll" />
  <action id="ExternalSystem.ExpandAll">
    <keyboard-shortcut first-keystroke="meta add" />
  </action>
  <action id="ExternalSystem.OpenConfig" />
  <action id="ExtractFunctionToScope" />
  <action id="ExtractMethod">
    <keyboard-shortcut first-keystroke="shift meta m" />
  </action>
  <action id="FileChooser.GotoDesktop" />
  <action id="FileChooser.GotoProject" />
  <action id="FileChooser.TogglePathShowing" />
  <action id="Find">
    <keyboard-shortcut first-keystroke="meta f" />
  </action>
  <action id="FindBugs.PreviewSelectBugInstance">
    <mouse-shortcut keystroke="alt button1" />
  </action>
  <action id="FindInPath">
    <keyboard-shortcut first-keystroke="f4" />
  </action>
  <action id="FindNext">
    <keyboard-shortcut first-keystroke="meta k" second-keystroke="meta g" />
  </action>
  <action id="FindUsages" />
  <action id="FindUsagesInFile">
    <keyboard-shortcut first-keystroke="meta alt j" />
  </action>
  <action id="ForceRunToCursor" />
  <action id="ForceStepInto" />
  <action id="ForceStepOver" />
  <action id="Forward">
    <keyboard-shortcut first-keystroke="alt close_bracket" />
    <keyboard-shortcut first-keystroke="ctrl close_bracket" />
  </action>
  <action id="Generate">
    <keyboard-shortcut first-keystroke="meta n" />
  </action>
  <action id="Git.Commit.And.Push.Executor">
    <keyboard-shortcut first-keystroke="meta alt k" />
    <keyboard-shortcut first-keystroke="meta enter" />
  </action>
  <action id="Git.CompareWithBranch">
    <keyboard-shortcut first-keystroke="meta t" second-keystroke="meta b" />
  </action>
  <action id="Git.ResolveConflicts">
    <keyboard-shortcut first-keystroke="meta t" second-keystroke="meta r" />
  </action>
  <action id="GotoClass">
    <keyboard-shortcut first-keystroke="meta p" />
  </action>
  <action id="GotoDeclaration">
    <keyboard-shortcut first-keystroke="meta d" />
  </action>
  <action id="GotoFile" />
  <action id="GotoImplementation">
    <keyboard-shortcut first-keystroke="meta i" />
  </action>
  <action id="GotoLine" />
  <action id="GotoRelated" />
  <action id="GotoSuperMethod">
    <keyboard-shortcut first-keystroke="meta alt i" />
  </action>
  <action id="GotoSymbol">
    <keyboard-shortcut first-keystroke="meta alt p" />
  </action>
  <action id="GotoTest">
    <keyboard-shortcut first-keystroke="meta m" />
  </action>
  <action id="GuiDesigner.Duplicate" />
  <action id="GuiDesigner.GoToListener" />
  <action id="HideAllWindows">
    <keyboard-shortcut first-keystroke="shift meta f12" />
    <keyboard-shortcut first-keystroke="meta escape" />
  </action>
  <action id="Images.Editor.ToggleGrid" />
  <action id="Images.Editor.ZoomIn">
    <keyboard-shortcut first-keystroke="meta add" />
  </action>
  <action id="Images.Editor.ZoomOut">
    <keyboard-shortcut first-keystroke="meta subtract" />
  </action>
  <action id="IncrementWindowHeight" />
  <action id="IncrementalSearch" />
  <action id="Inline">
    <keyboard-shortcut first-keystroke="shift meta i" />
  </action>
  <action id="InspectCode">
    <keyboard-shortcut first-keystroke="shift meta x" />
  </action>
  <action id="IntroduceConstant">
    <keyboard-shortcut first-keystroke="shift meta c" />
  </action>
  <action id="IntroduceField">
    <keyboard-shortcut first-keystroke="shift meta f" />
  </action>
  <action id="IntroduceFunctionalParameter" />
  <action id="IntroduceParameter">
    <keyboard-shortcut first-keystroke="shift meta p" />
  </action>
  <action id="IntroduceTypeAlias">
    <keyboard-shortcut first-keystroke="shift meta a" />
  </action>
  <action id="IntroduceVariable">
    <keyboard-shortcut first-keystroke="shift meta v" />
  </action>
  <action id="InvalidateCaches">
    <keyboard-shortcut first-keystroke="ctrl alt escape" />
  </action>
  <action id="MakeModule" />
  <action id="Maven.CollapseAll">
    <keyboard-shortcut first-keystroke="meta subtract" />
  </action>
  <action id="Maven.ExpandAll">
    <keyboard-shortcut first-keystroke="meta add" />
  </action>
  <action id="MaximizeToolWindow" />
  <action id="MethodDown">
    <keyboard-shortcut first-keystroke="alt m" />
  </action>
  <action id="MethodUp">
    <keyboard-shortcut first-keystroke="alt comma" />
  </action>
  <action id="MinimizeCurrentWindow" />
  <action id="MoveStatementDown">
    <keyboard-shortcut first-keystroke="alt down" />
    <keyboard-shortcut first-keystroke="alt period" />
  </action>
  <action id="MoveStatementUp">
    <keyboard-shortcut first-keystroke="alt up" />
    <keyboard-shortcut first-keystroke="alt slash" />
  </action>
  <action id="Mvc.RunTarget" />
  <action id="NewElement">
    <keyboard-shortcut first-keystroke="meta n" />
  </action>
  <action id="NextProjectWindow" />
  <action id="NextSplitter">
    <keyboard-shortcut first-keystroke="alt semicolon" />
  </action>
  <action id="NextTab">
    <keyboard-shortcut first-keystroke="alt o" />
  </action>
  <action id="OpenFile">
    <keyboard-shortcut first-keystroke="meta alt o" />
  </action>
  <action id="OptimizeImports" />
  <action id="ParameterInfo" />
  <action id="PasteMultiple" />
  <action id="PinActiveTab">
    <keyboard-shortcut first-keystroke="alt p" />
  </action>
  <action id="PrevSplitter">
    <keyboard-shortcut first-keystroke="alt quote" />
  </action>
  <action id="PreviousProjectWindow" />
  <action id="PreviousTab">
    <keyboard-shortcut first-keystroke="alt y" />
  </action>
  <action id="Print" />
  <action id="QuickChangeScheme">
    <keyboard-shortcut first-keystroke="shift ctrl back_quote" />
  </action>
  <action id="QuickEvaluateExpression" />
  <action id="QuickImplementations">
    <keyboard-shortcut first-keystroke="alt space" />
  </action>
  <action id="QuickJavaDoc">
    <keyboard-shortcut first-keystroke="shift meta 1" />
  </action>
  <action id="RecentFiles">
    <keyboard-shortcut first-keystroke="meta alt e" />
  </action>
  <action id="Refactorings.QuickListPopupAction">
    <keyboard-shortcut first-keystroke="shift meta t" />
  </action>
  <action id="ReformatCode">
    <keyboard-shortcut first-keystroke="meta s" />
  </action>
  <action id="RenameElement">
    <keyboard-shortcut first-keystroke="shift meta r" />
  </action>
  <action id="ReplaceInPath">
    <keyboard-shortcut first-keystroke="shift f4" />
  </action>
  <action id="RerunTests" />
  <action id="ResizeToolWindowDown">
    <keyboard-shortcut first-keystroke="ctrl alt j" />
  </action>
  <action id="ResizeToolWindowLeft">
    <keyboard-shortcut first-keystroke="ctrl alt h" />
  </action>
  <action id="ResizeToolWindowRight">
    <keyboard-shortcut first-keystroke="ctrl alt l" />
  </action>
  <action id="ResizeToolWindowUp">
    <keyboard-shortcut first-keystroke="ctrl alt k" />
  </action>
  <action id="Run" />
  <action id="RunClass">
    <keyboard-shortcut first-keystroke="meta quote" />
  </action>
  <action id="RunToCursor" />
  <action id="SaveAll" />
  <action id="SelectAllOccurrences">
    <keyboard-shortcut first-keystroke="alt f3" />
  </action>
  <action id="SelectIn">
    <keyboard-shortcut first-keystroke="meta e" />
  </action>
  <action id="SelectInProjectView">
    <keyboard-shortcut first-keystroke="shift meta j" />
  </action>
  <action id="SelectNextOccurrence">
    <keyboard-shortcut first-keystroke="meta g" />
  </action>
  <action id="SendEOF" />
  <action id="ShelveChanges.UnshelveWithDialog" />
  <action id="ShelvedChanges.Diff" />
  <action id="ShowBookmarks" />
  <action id="ShowRecentTests" />
  <action id="ShowSettingsAndFindUsages" />
  <action id="ShowUsages">
    <keyboard-shortcut first-keystroke="meta j" />
  </action>
  <action id="SmartTypeCompletion">
    <keyboard-shortcut first-keystroke="shift ctrl space" />
  </action>
  <action id="SplitVertically">
    <keyboard-shortcut first-keystroke="meta open_bracket" />
  </action>
  <action id="Stop" />
  <action id="StringManipulation.ToSnakeCaseOrCamelCase">
    <keyboard-shortcut first-keystroke="meta k" second-keystroke="meta s" />
  </action>
  <action id="SurroundWith">
    <keyboard-shortcut first-keystroke="f1" />
  </action>
  <action id="SurroundWithLiveTemplate" />
  <action id="SwitchApply">
    <keyboard-shortcut first-keystroke="ctrl alt enter" />
  </action>
  <action id="SwitchDown">
    <keyboard-shortcut first-keystroke="ctrl alt down" />
  </action>
  <action id="SwitchLeft">
    <keyboard-shortcut first-keystroke="ctrl alt left" />
  </action>
  <action id="SwitchRight">
    <keyboard-shortcut first-keystroke="ctrl alt right" />
  </action>
  <action id="SwitchUp">
    <keyboard-shortcut first-keystroke="ctrl alt up" />
  </action>
  <action id="Switcher" />
  <action id="ThePlugin.Bamboo.ShowHideBambooTab" />
  <action id="ToggleBookmarkWithMnemonic" />
  <action id="ToggleLineBreakpoint">
    <keyboard-shortcut first-keystroke="meta f8" />
  </action>
  <action id="ToggleTemporaryLineBreakpoint" />
  <action id="Tool_External Tools_Sublime">
    <keyboard-shortcut first-keystroke="meta 4" />
  </action>
  <action id="Tool_External Tools_iTerm">
    <keyboard-shortcut first-keystroke="meta 5" />
  </action>
  <action id="TypeHierarchy" />
  <action id="UnselectPreviousOccurrence">
    <keyboard-shortcut first-keystroke="meta u" />
  </action>
  <action id="Unwrap">
    <keyboard-shortcut first-keystroke="shift f1" />
  </action>
  <action id="UsageView.ShowRecentFindUsages" />
  <action id="Vcs.MoveChangedLinesToChangelist" />
  <action id="Vcs.Push">
    <keyboard-shortcut first-keystroke="meta k" second-keystroke="meta p" />
  </action>
  <action id="Vcs.QuickListPopupAction" />
  <action id="Vcs.ShowMessageHistory">
    <keyboard-shortcut first-keystroke="ctrl m" />
  </action>
  <action id="Vcs.ShowTabbedFileHistory">
    <keyboard-shortcut first-keystroke="meta t" second-keystroke="shift meta h" />
  </action>
  <action id="WelcomeScreen.ReopenRecent">
    <keyboard-shortcut first-keystroke="ctrl meta p" />
  </action>
  <action id="XDebugger.Inspect" />
  <action id="ZoomCurrentWindow" />
  <action id="android.deploy.ApplyChanges">
    <keyboard-shortcut first-keystroke="ctrl meta r" />
  </action>
  <action id="android.deploy.CodeSwap">
    <keyboard-shortcut first-keystroke="shift ctrl meta r" />
  </action>
  <action id="com.phraseapp.androidstudio.PhraseAppPush" />
  <action id="context.clear" />
  <action id="hg4idea.QGotoFromPatches" />
  <action id="osmedile.intellij.stringmanip.WordsAndCamelToConstantStyleCaseAction">
    <keyboard-shortcut first-keystroke="meta k" second-keystroke="meta c" />
  </action>
  <action id="osmedile.intellij.stringmanip.styles.ToCamelCaseOrToWordLowercaseAction">
    <keyboard-shortcut first-keystroke="meta k" second-keystroke="meta c" />
  </action>
  <action id="tasks.close" />
  <action id="tasks.goto" />
  <action id="tasks.open.in.browser" />
  <action id="tasks.switch" />
</keymap>